Datetime,Open,High,Low,Close,Volume
7/5/2024 0:00,2356.845,2357.555,2356.12,2357.125,858
7/5/2024 0:15,2357.215,2357.63,2356.72,2357.08,887
7/5/2024 0:30,2357.05,2358.93,2356.935,2358.38,1256
7/5/2024 0:45,2358.375,2359.125,2358.06,2358.935,1578
7/5/2024 1:00,2358.93,2360.4,2358.245,2359.685,2105
7/5/2024 1:15,2359.675,2360.19,2357.605,2357.85,2252
7/5/2024 1:30,2357.84,2358.41,2357.225,2358.28,1652
7/5/2024 1:45,2358.265,2359.435,2356.965,2358.47,1797
7/5/2024 2:00,2358.485,2361.105,2358.16,2360.21,1575
7/5/2024 2:15,2360.215,2362.165,2359.565,2361.71,1094
7/5/2024 2:30,2361.725,2363.2,2361,2361.675,2226
7/5/2024 2:45,2361.67,2363.17,2359.91,2360.535,1642
7/5/2024 3:00,2360.53,2362.405,2360.285,2361.165,1471
7/5/2024 3:15,2361.17,2361.675,2360.44,2361.195,1683
7/5/2024 3:30,2361.255,2361.365,2359.65,2360.83,1337
7/5/2024 3:45,2360.825,2362.13,2360.1,2361.88,839
7/5/2024 4:00,2361.875,2362.535,2361.455,2362.505,1030
7/5/2024 4:15,2362.5,2363.065,2361.69,2362.91,783
7/5/2024 4:30,2362.915,2363.08,2362.195,2362.665,885
7/5/2024 4:45,2362.675,2364.75,2362.37,2364.03,976
7/5/2024 5:00,2364.015,2364.19,2362.685,2363.36,928
7/5/2024 5:15,2363.365,2363.955,2362.795,2362.795,1008
7/5/2024 5:30,2362.8,2364.23,2362.8,2363.885,1683
7/5/2024 5:45,2363.83,2365.075,2363.72,2364.81,1691
7/5/2024 6:00,2364.82,2366.38,2364.765,2365.67,2063
7/5/2024 6:15,2365.665,2366.1,2363.845,2364.025,2108
7/5/2024 6:30,2364.025,2365.17,2363.665,2364.16,2098
7/5/2024 6:45,2364.09,2365.19,2363.705,2364.03,2051
7/5/2024 7:00,2364.015,2365.005,2362.755,2364.435,1630
7/5/2024 7:15,2364.47,2364.84,2362.33,2363.515,1719
7/5/2024 7:30,2363.495,2367.535,2363.055,2366.92,1916
7/5/2024 7:45,2366.93,2367.325,2364.945,2365.33,2072
7/5/2024 8:00,2365.335,2367.79,2364.71,2367.505,1853
7/5/2024 8:15,2367.6,2368.155,2366.055,2366.89,1841
7/5/2024 8:30,2366.9,2367.53,2365.665,2366.94,1391
7/5/2024 8:45,2366.9,2367.29,2365.21,2366.55,1457
7/5/2024 9:00,2366.605,2366.96,2365.53,2365.765,993
7/5/2024 9:15,2365.77,2366.41,2365.145,2365.235,1202
7/5/2024 9:30,2365.21,2365.46,2364.155,2365.235,1318
7/5/2024 9:45,2365.23,2365.37,2362.09,2362.51,1817
7/5/2024 10:00,2362.385,2363.935,2361.925,2363.175,1705
7/5/2024 10:15,2363.18,2365.105,2362.255,2364.915,1596
7/5/2024 10:30,2364.92,2365.55,2363.985,2364.325,1182
7/5/2024 10:45,2364.315,2365.16,2363.735,2365.1,1227
7/5/2024 11:00,2365.075,2365.93,2363.38,2364.05,2078
7/5/2024 11:15,2364.055,2365.17,2363.345,2365.165,1551
7/5/2024 11:30,2365.17,2365.325,2362.38,2363.665,1765
7/5/2024 11:45,2363.64,2366.085,2363.49,2365.955,2048
7/5/2024 12:00,2365.91,2367.925,2365.9,2367.055,2833
7/5/2024 12:15,2367.05,2368.605,2366.075,2366.67,3087
7/5/2024 12:30,2366.62,2376.24,2348.62,2373.01,10019
7/5/2024 12:45,2373.015,2374.085,2367.26,2372.205,6910
7/5/2024 13:00,2372.22,2380.195,2370.705,2376.93,7538
7/5/2024 13:15,2376.845,2377.05,2371.65,2374.46,5891
7/5/2024 13:30,2374.32,2385.095,2374.265,2383.98,6693
7/5/2024 13:45,2384.03,2385.24,2379.06,2383.23,6114
7/5/2024 14:00,2383.22,2383.62,2374.53,2377.095,5608
7/5/2024 14:15,2377.07,2379.825,2375.735,2378.265,4935
7/5/2024 14:30,2378.305,2384.405,2378.22,2383.48,4519
7/5/2024 14:45,2383.49,2384.515,2380.265,2380.765,4218
7/5/2024 15:00,2380.78,2383.765,2378.58,2383.16,3914
7/5/2024 15:15,2383.19,2386.4,2383.17,2384.775,3910
7/5/2024 15:30,2384.78,2388.44,2384.17,2384.54,3298
7/5/2024 15:45,2384.57,2385.88,2382.615,2384.78,3113
7/5/2024 16:00,2384.76,2387.025,2384.21,2384.715,2523
7/5/2024 16:15,2384.61,2386.425,2384.05,2385.5,2327
7/5/2024 16:30,2385.54,2387.645,2385.185,2386.005,2769
7/5/2024 16:45,2385.97,2387.445,2385.105,2386.595,1853
7/5/2024 17:00,2386.545,2389.3,2386.03,2388.69,2246
7/5/2024 17:15,2388.695,2389.765,2386.85,2389.665,2970
7/5/2024 17:30,2389.57,2389.955,2384.605,2386.37,2480
7/5/2024 17:45,2386.385,2386.87,2385.245,2385.84,2484
7/5/2024 18:00,2385.885,2387.825,2385.215,2387.51,1253
7/5/2024 18:15,2387.455,2391.175,2387.415,2390.115,1869
7/5/2024 18:30,2390.07,2392.615,2388.735,2391.86,1767
7/5/2024 18:45,2391.85,2392.515,2390.775,2391.06,1559
7/5/2024 19:00,2391.055,2392.965,2390.75,2392.61,1634
7/5/2024 19:15,2392.605,2392.65,2390.79,2390.815,1423
7/5/2024 19:30,2390.81,2390.935,2389.775,2390.475,1667
7/5/2024 19:45,2390.545,2390.64,2388.18,2388.815,2368
7/5/2024 20:00,2388.715,2389.59,2388.275,2389.47,792
7/5/2024 20:15,2389.46,2389.6,2388.68,2388.98,384
7/5/2024 20:30,2389.07,2391.745,2388.955,2391.37,350
7/5/2024 20:45,2391.355,2391.655,2390.695,2391.62,590
7/7/2024 22:00,2389.41,2390.215,2388.98,2389.305,506
7/7/2024 22:15,2389.31,2389.31,2387.275,2387.455,325
7/7/2024 22:30,2387.44,2387.79,2385.675,2387.13,462
7/7/2024 22:45,2387.12,2387.215,2385.02,2385.345,448
7/7/2024 23:00,2385.41,2386.27,2384.86,2386.125,500
7/7/2024 23:15,2386.085,2386.54,2385.92,2386.17,279
7/7/2024 23:30,2386.19,2387,2385.21,2386.6,747
7/7/2024 23:45,2386.59,2386.64,2385.77,2386.18,1168
7/8/2024 0:00,2386.17,2386.23,2384.625,2385.77,1566
7/8/2024 0:15,2385.79,2387.01,2385.79,2386.78,1052
7/8/2024 0:30,2386.705,2387.86,2386.41,2387.735,958
7/8/2024 0:45,2387.825,2387.885,2386.43,2386.775,1706
7/8/2024 1:00,2386.75,2390.53,2384.335,2389.89,3288
7/8/2024 1:15,2389.805,2391.13,2387.595,2388.885,2442
7/8/2024 1:30,2388.855,2388.95,2385.785,2386.055,3022
7/8/2024 1:45,2385.92,2386.82,2384.465,2386.555,2612
7/8/2024 2:00,2386.55,2386.6,2385.32,2385.77,1871
7/8/2024 2:15,2385.785,2387.295,2385.685,2386.925,1230
7/8/2024 2:30,2386.93,2387.225,2383.385,2383.78,2285
7/8/2024 2:45,2383.695,2384.525,2381.52,2383.015,1528
7/8/2024 3:00,2382.995,2383.76,2381.47,2383.085,1353
7/8/2024 3:15,2383.09,2384.275,2382.62,2383.76,1611
7/8/2024 3:30,2383.74,2384.07,2382.255,2382.44,1024
7/8/2024 3:45,2382.445,2383.04,2380.775,2383.02,1757
7/8/2024 4:00,2383.055,2383.995,2382.145,2383.955,1252
7/8/2024 4:15,2383.98,2383.985,2383.175,2383.38,707
7/8/2024 4:30,2383.385,2385.065,2383.275,2384.525,626
7/8/2024 4:45,2384.52,2385.085,2383.86,2384.995,675
7/8/2024 5:00,2385.075,2385.645,2384.38,2385.615,1057
7/8/2024 5:15,2385.62,2386.855,2384.835,2384.935,1409
7/8/2024 5:30,2384.97,2385.09,2382.65,2383.385,2505
7/8/2024 5:45,2383.41,2383.705,2381.64,2382.87,2277
7/8/2024 6:00,2382.885,2383.835,2380.86,2383.395,2701
7/8/2024 6:15,2383.36,2384.26,2381.245,2381.76,2090
7/8/2024 6:30,2381.745,2382.285,2379.85,2379.96,2751
7/8/2024 6:45,2379.965,2380.71,2376.815,2377.015,2801
7/8/2024 7:00,2377.005,2380.205,2376.705,2380.01,2559
7/8/2024 7:15,2379.975,2381.105,2379.835,2379.89,1852
7/8/2024 7:30,2379.855,2381.18,2378.475,2378.845,1862
7/8/2024 7:45,2378.85,2380.045,2377.965,2377.975,1596
7/8/2024 8:00,2377.965,2378.87,2377.38,2378.415,2286
7/8/2024 8:15,2378.38,2378.78,2376.455,2377.27,1460
7/8/2024 8:30,2377.245,2377.245,2372.02,2372.675,2480
7/8/2024 8:45,2372.67,2373.445,2372.005,2372.87,2195
7/8/2024 9:00,2372.865,2373.49,2370.735,2372.28,1862
7/8/2024 9:15,2372.3,2373.91,2372,2373.23,1986
7/8/2024 9:30,2373.115,2373.325,2370.51,2371.215,1828
7/8/2024 9:45,2371.22,2371.31,2368.36,2370.24,1971
7/8/2024 10:00,2370.075,2373.175,2369.74,2372.11,1852
7/8/2024 10:15,2372.065,2373.465,2371.565,2373.07,1385
7/8/2024 10:30,2373.08,2373.945,2370.965,2372.18,1650
7/8/2024 10:45,2372.06,2374.415,2372.055,2374.215,1663
7/8/2024 11:00,2374.13,2374.81,2373.065,2373.22,1700
7/8/2024 11:15,2373.245,2374.405,2372.565,2373.715,1388
7/8/2024 11:30,2373.7,2375.1,2373.06,2374.06,1509
7/8/2024 11:45,2374.055,2375.735,2373.695,2375.41,2208
7/8/2024 12:00,2375.315,2376.095,2374.385,2375.07,2333
7/8/2024 12:15,2375.08,2377.535,2374.915,2374.945,2610
7/8/2024 12:30,2374.99,2375.075,2370.37,2371.92,3098
7/8/2024 12:45,2371.935,2374.37,2371.87,2372.865,2747
7/8/2024 13:00,2372.825,2376.33,2371.175,2375.415,3933
7/8/2024 13:15,2375.51,2375.88,2373.19,2375.01,3136
7/8/2024 13:30,2375.015,2377.195,2372.22,2374.03,5643
7/8/2024 13:45,2374.075,2376.135,2370.345,2375.55,5136
7/8/2024 14:00,2375.445,2379.62,2374.935,2378.015,4721
7/8/2024 14:15,2378.035,2378.05,2374.09,2376.72,4131
7/8/2024 14:30,2376.725,2377.965,2374.97,2375.085,4064
7/8/2024 14:45,2375.09,2376.54,2373.315,2373.32,3829
7/8/2024 15:00,2373.325,2375.045,2372.265,2373.11,3374
7/8/2024 15:15,2373.165,2374.4,2369.37,2369.565,3473
7/8/2024 15:30,2369.565,2369.705,2364,2364.015,4081
7/8/2024 15:45,2364.035,2364.035,2351.09,2355.58,6327
7/8/2024 16:00,2355.365,2356.195,2351.11,2355.065,4383
7/8/2024 16:15,2355,2355.575,2352.09,2354.3,2795
7/8/2024 16:30,2354.21,2357.48,2353.815,2357.43,2198
7/8/2024 16:45,2357.425,2358.87,2357.09,2358.76,2105
7/8/2024 17:00,2358.85,2359.805,2357.73,2359.485,2825
7/8/2024 17:15,2359.38,2359.685,2355.645,2356.09,2533
7/8/2024 17:30,2356.15,2359.645,2355.94,2358.915,1785
7/8/2024 17:45,2358.675,2358.675,2356.335,2357.29,1765
7/8/2024 18:00,2357.28,2358.265,2356.505,2357.2,1336
7/8/2024 18:15,2357.205,2357.235,2355.72,2356.315,1305
7/8/2024 18:30,2356.21,2357.095,2355.885,2356.01,1442
7/8/2024 18:45,2356.025,2356.8,2354.91,2356.645,1548
7/8/2024 19:00,2356.695,2357.99,2356.2,2357.78,1234
7/8/2024 19:15,2357.77,2357.78,2356.23,2357.625,1317
7/8/2024 19:30,2357.62,2359.22,2357.015,2358.96,1378
7/8/2024 19:45,2359.035,2359.94,2358.935,2359.305,1585
7/8/2024 20:00,2359.3,2359.945,2358.755,2358.965,747
7/8/2024 20:15,2358.87,2358.9,2358.07,2358.315,410
7/8/2024 20:30,2358.325,2359.755,2358.315,2358.85,401
7/8/2024 20:45,2358.77,2359.4,2358.545,2359.26,365
7/8/2024 22:00,2359.125,2359.45,2358.93,2359.21,104
7/8/2024 22:15,2359.205,2359.67,2359.205,2359.275,214
7/8/2024 22:30,2359.195,2359.465,2359.035,2359.435,186
7/8/2024 22:45,2359.35,2359.885,2359.28,2359.885,287
7/8/2024 23:00,2359.955,2360.635,2359.935,2360.605,127
7/8/2024 23:15,2360.745,2361.21,2360.575,2360.86,221
7/8/2024 23:30,2360.885,2362.045,2360.755,2361.585,611
7/8/2024 23:45,2361.54,2362.15,2361.07,2361.86,732
7/9/2024 0:00,2361.865,2363.59,2361.475,2363.415,1293
7/9/2024 0:15,2363.405,2363.75,2361.82,2361.875,1212
7/9/2024 0:30,2361.86,2362.915,2360.87,2362.445,1243
7/9/2024 0:45,2362.455,2362.885,2361.535,2361.945,862
7/9/2024 1:00,2362.05,2365.35,2361.425,2364.26,2765
7/9/2024 1:15,2364.255,2364.375,2362.555,2363.375,2466
7/9/2024 1:30,2363.355,2365.35,2363.05,2364.415,2750
7/9/2024 1:45,2364.445,2364.71,2362.825,2363.485,2402
7/9/2024 2:00,2363.375,2363.47,2360.55,2360.835,2832
7/9/2024 2:15,2360.84,2363.755,2360.72,2363.735,1459
7/9/2024 2:30,2363.65,2365.765,2363.395,2365.605,2490
7/9/2024 2:45,2365.545,2366.785,2364.015,2364.05,1975
7/9/2024 3:00,2364.045,2366.46,2363.43,2364.38,2006
7/9/2024 3:15,2364.385,2366.005,2363.42,2363.88,1905
7/9/2024 3:30,2363.885,2365.595,2363.88,2365.215,1029
7/9/2024 3:45,2365.215,2368.045,2365.025,2367.755,1060
7/9/2024 4:00,2367.75,2368.705,2367.415,2368.31,1286
7/9/2024 4:15,2368.21,2368.825,2366.835,2367.7,1534
7/9/2024 4:30,2367.645,2367.89,2366.41,2366.93,753
7/9/2024 4:45,2367,2368.32,2366.92,2367.47,1043
7/9/2024 5:00,2367.385,2368.43,2365.845,2366.22,890
7/9/2024 5:15,2366.115,2366.195,2364.785,2365.745,1106
7/9/2024 5:30,2365.8,2366.345,2364.805,2365.705,2730
7/9/2024 5:45,2365.76,2366.13,2364.24,2364.63,2074
7/9/2024 6:00,2364.64,2365.63,2364.18,2364.435,2164
7/9/2024 6:15,2364.45,2364.95,2363.415,2364.45,2129
7/9/2024 6:30,2364.425,2365.085,2362.88,2363.4,2107
7/9/2024 6:45,2363.405,2364.315,2362.85,2364.24,1762
7/9/2024 7:00,2364.225,2364.6,2362.12,2362.35,1933
7/9/2024 7:15,2362.345,2362.67,2358.46,2359.5,2236
7/9/2024 7:30,2359.505,2360.44,2359.165,2359.265,1596
7/9/2024 7:45,2359.175,2359.31,2358.415,2359.095,1754
7/9/2024 8:00,2359.12,2361.04,2358.59,2360.685,1652
7/9/2024 8:15,2360.7,2362.065,2359.68,2359.835,2045
7/9/2024 8:30,2359.84,2360.05,2358.325,2359.72,1466
7/9/2024 8:45,2359.745,2361.96,2359.655,2361.68,1390
7/9/2024 9:00,2361.695,2363.605,2361.65,2363.39,1790
7/9/2024 9:15,2363.49,2365.18,2362.065,2362.17,1809
7/9/2024 9:30,2362.145,2365.035,2361.98,2364.025,1568
7/9/2024 9:45,2364.03,2365.41,2363.505,2364.32,1092
7/9/2024 10:00,2364.325,2365.695,2363.815,2363.97,1535
7/9/2024 10:15,2363.96,2364.865,2363.365,2363.49,891
7/9/2024 10:30,2363.505,2363.81,2362.19,2363.63,1358
7/9/2024 10:45,2363.64,2364.71,2363.17,2363.185,1168
7/9/2024 11:00,2363.235,2363.255,2360.43,2360.8,1796
7/9/2024 11:15,2360.775,2361.96,2359.825,2360.59,2313
7/9/2024 11:30,2360.53,2361.325,2357.945,2358.065,1660
7/9/2024 11:45,2358.08,2360.875,2357.64,2360.685,1788
7/9/2024 12:00,2360.705,2361.42,2359.64,2360.955,2026
7/9/2024 12:15,2360.905,2360.905,2356.37,2358.31,3298
7/9/2024 12:30,2358.305,2359.175,2356.195,2357.78,3154
7/9/2024 12:45,2357.775,2360.25,2357.06,2360.25,2540
7/9/2024 13:00,2360.205,2364.305,2359.595,2362.325,5615
7/9/2024 13:15,2362.3,2365.435,2362.055,2364,4182
7/9/2024 13:30,2363.995,2367.105,2362.96,2364.99,5084
7/9/2024 13:45,2365.015,2368.545,2364.4,2367.77,3158
7/9/2024 14:00,2367.125,2371.625,2356.695,2360.73,7041
7/9/2024 14:15,2360.79,2363.715,2359.655,2362.735,5350
7/9/2024 14:30,2362.535,2365.225,2360.84,2361.15,4388
7/9/2024 14:45,2361.135,2361.51,2354.16,2355.04,4467
7/9/2024 15:00,2355.1,2358.835,2351.635,2352.555,5659
7/9/2024 15:15,2352.545,2354.905,2349.485,2352.995,4791
7/9/2024 15:30,2353.06,2357.61,2352.745,2357.475,3080
7/9/2024 15:45,2357.48,2362.345,2357.455,2362.135,2997
7/9/2024 16:00,2362.135,2363.215,2360.81,2360.955,2617
7/9/2024 16:15,2360.95,2361.415,2359.72,2360.485,1638
7/9/2024 16:30,2360.615,2360.815,2357.115,2357.205,2825
7/9/2024 16:45,2357.2,2359.235,2356.615,2357.525,2448
7/9/2024 17:00,2357.64,2361.105,2357.64,2360.37,2332
7/9/2024 17:15,2360.58,2362.135,2358.545,2361.515,2197
7/9/2024 17:30,2361.445,2361.795,2360.38,2361.59,1802
7/9/2024 17:45,2361.555,2362.58,2360.595,2361.95,1087
7/9/2024 18:00,2361.81,2363.695,2361.115,2362.85,1625
7/9/2024 18:15,2362.84,2365.075,2362.84,2364.02,1749
7/9/2024 18:30,2363.965,2364.625,2363.72,2364.475,1179
7/9/2024 18:45,2364.36,2365.405,2364.155,2364.645,943
7/9/2024 19:00,2364.635,2365.725,2363.915,2365.105,1343
7/9/2024 19:15,2365.095,2365.095,2363.57,2363.66,1299
7/9/2024 19:30,2363.705,2364.215,2363.115,2363.2,1468
7/9/2024 19:45,2363.205,2364.385,2363.01,2363.635,1511
7/9/2024 20:00,2363.64,2365.065,2363.63,2364.595,695
7/9/2024 20:15,2364.57,2364.73,2363.79,2364.185,478
7/9/2024 20:30,2364.17,2364.445,2363.72,2364.41,355
7/9/2024 20:45,2364.415,2364.695,2363.66,2364.03,280
7/9/2024 22:00,2363.9,2363.9,2363.15,2363.6,195
7/9/2024 22:15,2363.55,2363.81,2363.31,2363.66,231
7/9/2024 22:30,2363.66,2363.97,2363.575,2363.945,308
7/9/2024 22:45,2363.88,2364.545,2363.67,2364.54,232
7/9/2024 23:00,2364.53,2365.43,2364.53,2365.085,203
7/9/2024 23:15,2365.11,2365.375,2364.955,2365.21,317
7/9/2024 23:30,2365.215,2366.17,2365.195,2365.28,587
7/9/2024 23:45,2365.275,2365.335,2364.965,2365.07,620
7/10/2024 0:00,2365.09,2366.66,2364.975,2365.315,1345
7/10/2024 0:15,2365.35,2366.33,2365.285,2366.22,853
7/10/2024 0:30,2366.2,2366.53,2365.155,2365.465,961
7/10/2024 0:45,2365.455,2365.565,2364.52,2364.755,1281
7/10/2024 1:00,2364.79,2365.26,2363.375,2364.245,2248
7/10/2024 1:15,2364.255,2368.14,2364.1,2367.235,2557
7/10/2024 1:30,2367.27,2369.955,2366.935,2369.075,2423
7/10/2024 1:45,2369.08,2369.84,2365.87,2368.3,2258
7/10/2024 2:00,2368.4,2368.4,2367,2368.09,2388
7/10/2024 2:15,2368.1,2368.5,2367.66,2367.91,1594
7/10/2024 2:30,2367.895,2369.335,2367.75,2369.055,1967
7/10/2024 2:45,2369.05,2370.35,2368.3,2369.41,1861
7/10/2024 3:00,2369.445,2369.93,2367.1,2367.515,1692
7/10/2024 3:15,2367.455,2368.58,2366.49,2368.105,1843
7/10/2024 3:30,2368.005,2368.29,2367.445,2367.625,948
7/10/2024 3:45,2367.6,2368.335,2366.81,2368.275,1152
7/10/2024 4:00,2368.285,2368.945,2367.735,2368.73,1663
7/10/2024 4:15,2368.765,2368.815,2366.955,2366.995,1281
7/10/2024 4:30,2366.99,2367.935,2366.65,2367.815,1007
7/10/2024 4:45,2367.75,2367.945,2367.365,2367.81,939
7/10/2024 5:00,2367.8,2368.855,2367.435,2368.31,1091
7/10/2024 5:15,2368.315,2369.295,2367.77,2368.045,831
7/10/2024 5:30,2368.02,2370.405,2367.945,2369.41,1856
7/10/2024 5:45,2369.385,2369.615,2367.6,2368.48,2474
7/10/2024 6:00,2368.49,2369.22,2367.265,2367.775,2326
7/10/2024 6:15,2367.76,2370.415,2367.38,2369.8,2136
7/10/2024 6:30,2369.81,2370.365,2369.025,2370.005,2018
7/10/2024 6:45,2370.01,2372.875,2369.955,2371.995,2967
7/10/2024 7:00,2371.99,2373.91,2371.94,2372.48,1916
7/10/2024 7:15,2372.46,2375.005,2371.5,2374.98,2601
7/10/2024 7:30,2374.97,2375.055,2373.26,2373.35,2229
7/10/2024 7:45,2373.35,2373.355,2371.925,2372.775,2137
7/10/2024 8:00,2372.725,2373.495,2371.565,2373.465,1806
7/10/2024 8:15,2373.47,2373.95,2372.525,2373.275,2335
7/10/2024 8:30,2373.285,2374.295,2372.72,2374.145,1974
7/10/2024 8:45,2374.13,2374.135,2372.485,2372.88,1453
7/10/2024 9:00,2372.875,2373.095,2371.98,2372.77,2026
7/10/2024 9:15,2372.765,2373.465,2371.78,2371.78,1449
7/10/2024 9:30,2371.805,2374.295,2371.79,2373.1,1341
7/10/2024 9:45,2373.085,2373.295,2371.76,2371.955,864
7/10/2024 10:00,2371.935,2373.51,2371.895,2373.45,1430
7/10/2024 10:15,2373.38,2374.195,2373.2,2373.93,1177
7/10/2024 10:30,2373.94,2375.43,2373.625,2373.63,1668
7/10/2024 10:45,2373.615,2373.88,2371.82,2372.565,1225
7/10/2024 11:00,2372.56,2374.045,2372.515,2373.545,1362
7/10/2024 11:15,2373.54,2374.505,2373.355,2373.56,1232
7/10/2024 11:30,2373.555,2377.335,2373.53,2377.115,1964
7/10/2024 11:45,2377.13,2378.435,2376.935,2378.435,1846
7/10/2024 12:00,2378.42,2379.045,2377.87,2377.98,2091
7/10/2024 12:15,2377.975,2381.675,2377.32,2380.085,3175
7/10/2024 12:30,2379.98,2381.89,2379.305,2380.55,2391
7/10/2024 12:45,2380.605,2381.33,2377.84,2377.89,2602
7/10/2024 13:00,2377.885,2379.32,2376.27,2379.045,4249
7/10/2024 13:15,2379.07,2380.665,2377.995,2380.575,3449
7/10/2024 13:30,2380.615,2381.735,2378.225,2381.015,5687
7/10/2024 13:45,2381.07,2386.73,2380.795,2383.385,4992
7/10/2024 14:00,2383.395,2385.235,2381.925,2383.62,4365
7/10/2024 14:15,2383.635,2384.64,2377.82,2379.125,4628
7/10/2024 14:30,2379.235,2379.29,2374.025,2377.12,3636
7/10/2024 14:45,2377.07,2377.995,2374.84,2374.925,3466
7/10/2024 15:00,2374.855,2377.435,2374.14,2377.11,2571
7/10/2024 15:15,2377.085,2379.38,2374.455,2379.095,2449
7/10/2024 15:30,2379.125,2380.83,2379.125,2379.83,2207
7/10/2024 15:45,2379.855,2380.875,2378.55,2378.795,2155
7/10/2024 16:00,2378.915,2381.435,2378.52,2380.385,2441
7/10/2024 16:15,2380.315,2380.83,2377.785,2378.7,1559
7/10/2024 16:30,2378.69,2379.12,2376.725,2377.64,1686
7/10/2024 16:45,2377.645,2378.59,2377.39,2377.935,2029
7/10/2024 17:00,2377.925,2378.63,2375.82,2376.45,2144
7/10/2024 17:15,2376.365,2376.575,2371.78,2373.22,2729
7/10/2024 17:30,2373.215,2374.105,2370.76,2371.735,2098
7/10/2024 17:45,2371.705,2373.195,2370.5,2373.145,1502
7/10/2024 18:00,2373.13,2373.69,2370.685,2371.185,2201
7/10/2024 18:15,2371.175,2371.99,2370.025,2370.71,1314
7/10/2024 18:30,2370.73,2371.895,2370.28,2371.85,1086
7/10/2024 18:45,2371.835,2373.225,2371.795,2372.68,1108
7/10/2024 19:00,2372.655,2372.685,2370.885,2371.205,1214
7/10/2024 19:15,2371.295,2372.645,2370.64,2371.28,1439
7/10/2024 19:30,2371.27,2371.51,2370.61,2371.135,1328
7/10/2024 19:45,2371.16,2372.135,2370.775,2371.88,2226
7/10/2024 20:00,2371.89,2372.48,2371.525,2372.405,671
7/10/2024 20:15,2372.365,2372.46,2371.325,2371.64,334
7/10/2024 20:30,2371.71,2371.8,2371.29,2371.545,326
7/10/2024 20:45,2371.495,2371.68,2370.965,2371.32,450
7/10/2024 22:00,2371.93,2372.03,2371.55,2371.555,172
7/10/2024 22:15,2371.52,2372.43,2371.34,2372.405,191
7/10/2024 22:30,2372.43,2372.865,2372.43,2372.655,171
7/10/2024 22:45,2372.585,2372.955,2372.57,2372.9,143
7/10/2024 23:00,2372.875,2372.94,2372.565,2372.87,242
7/10/2024 23:15,2372.89,2372.955,2372.415,2372.575,274
7/10/2024 23:30,2372.525,2372.755,2372.39,2372.415,284
7/10/2024 23:45,2372.41,2372.895,2372.33,2372.88,337
7/11/2024 0:00,2372.89,2373.09,2371.94,2372.15,1016
7/11/2024 0:15,2372.125,2372.67,2371.54,2372.67,889
7/11/2024 0:30,2372.68,2373.325,2372.585,2373.31,637
7/11/2024 0:45,2373.33,2374.45,2372.965,2374.29,1466
7/11/2024 1:00,2374.32,2375.495,2373.665,2374.57,2167
7/11/2024 1:15,2374.565,2375.04,2373.095,2374.025,1812
7/11/2024 1:30,2374.03,2375.835,2374.03,2375.23,1940
7/11/2024 1:45,2375.255,2376.345,2375.235,2376.01,2211
7/11/2024 2:00,2376.005,2376.295,2374.39,2375.275,2271
7/11/2024 2:15,2375.28,2375.64,2374.94,2375.5,1364
7/11/2024 2:30,2375.475,2377.345,2375.415,2377.34,1910
7/11/2024 2:45,2377.385,2377.885,2376.635,2377.495,1961
7/11/2024 3:00,2377.47,2378.97,2376.935,2378.465,1731
7/11/2024 3:15,2378.475,2379.695,2378.135,2379.69,1600
7/11/2024 3:30,2379.66,2380.35,2378.975,2379.575,1081
7/11/2024 3:45,2379.57,2379.77,2378.72,2378.8,994
7/11/2024 4:00,2378.805,2380.305,2378.73,2380.285,812
7/11/2024 4:15,2380.29,2381.72,2379.61,2381.475,1034
7/11/2024 4:30,2381.485,2382.58,2380.99,2382.335,1355
7/11/2024 4:45,2382.27,2382.385,2381.12,2382.03,880
7/11/2024 5:00,2382.025,2383.06,2381.905,2382.32,1176
7/11/2024 5:15,2382.315,2382.65,2381.495,2381.945,1155
7/11/2024 5:30,2382.11,2383.03,2381.555,2382.115,2167
7/11/2024 5:45,2382.125,2383.055,2381.255,2382.595,2076
7/11/2024 6:00,2382.575,2383.315,2380.675,2381.05,1942
7/11/2024 6:15,2381.06,2381.775,2379.95,2380.205,2762
7/11/2024 6:30,2380.265,2380.445,2378.58,2378.83,2572
7/11/2024 6:45,2378.815,2382.25,2378.55,2381.825,2553
7/11/2024 7:00,2381.835,2382.025,2379.8,2380.045,2681
7/11/2024 7:15,2379.97,2381.76,2378.895,2381.655,1874
7/11/2024 7:30,2381.65,2382.05,2379.18,2379.23,1260
7/11/2024 7:45,2379.24,2380.575,2379.21,2380,2361
7/11/2024 8:00,2380.04,2384.14,2379.655,2383.32,2628
7/11/2024 8:15,2383.325,2383.415,2380.105,2380.72,2835
7/11/2024 8:30,2380.785,2382.935,2380.42,2382.23,2101
7/11/2024 8:45,2382.225,2382.48,2380.005,2381.45,1496
7/11/2024 9:00,2381.455,2384.705,2381.425,2384.49,1867
7/11/2024 9:15,2384.505,2384.685,2382.83,2383.05,1419
7/11/2024 9:30,2383.035,2384.14,2382.825,2383.71,1485
7/11/2024 9:45,2383.715,2384.33,2382.365,2384.115,1628
7/11/2024 10:00,2384.125,2384.125,2382.5,2383.15,1064
7/11/2024 10:15,2383.145,2383.73,2382.445,2382.565,725
7/11/2024 10:30,2382.63,2382.745,2380.57,2380.8,1982
7/11/2024 10:45,2380.805,2382.57,2380.69,2382.38,1705
7/11/2024 11:00,2382.33,2382.42,2380.82,2381.985,1373
7/11/2024 11:15,2381.99,2382.78,2380.8,2381.845,1571
7/11/2024 11:30,2381.78,2383.515,2381.405,2381.41,1298
7/11/2024 11:45,2381.39,2381.71,2379.13,2380.855,2513
7/11/2024 12:00,2380.865,2382.635,2380.355,2381.745,2965
7/11/2024 12:15,2381.74,2382.63,2378.655,2379.12,3338
7/11/2024 12:30,2379.905,2408.44,2379.16,2407.665,11576
7/11/2024 12:45,2407.61,2409.8,2404.81,2406.39,10356
7/11/2024 13:00,2406.335,2409.14,2403,2405.635,10727
7/11/2024 13:15,2405.755,2413.095,2404.04,2408.38,9065
7/11/2024 13:30,2408.57,2409.4,2396.025,2399.84,10379
7/11/2024 13:45,2400.065,2407.515,2395.825,2406.73,8947
7/11/2024 14:00,2406.75,2411.915,2406.75,2410.705,7878
7/11/2024 14:15,2410.695,2411.965,2407.33,2407.42,7447
7/11/2024 14:30,2407.435,2410.88,2404.39,2409.935,7068
7/11/2024 14:45,2409.99,2417.995,2409.63,2417.79,6576
7/11/2024 15:00,2417.865,2420.01,2412.505,2418.63,6138
7/11/2024 15:15,2418.57,2424,2417.3,2420.585,5905
7/11/2024 15:30,2420.525,2424.6,2418.095,2419.465,4389
7/11/2024 15:45,2419.53,2419.765,2417.225,2417.425,3576
7/11/2024 16:00,2417.42,2419.29,2415.19,2415.735,3187
7/11/2024 16:15,2415.675,2416.305,2413.05,2413.485,2629
7/11/2024 16:30,2413.425,2415.41,2412.165,2415.32,2855
7/11/2024 16:45,2415.335,2415.53,2411.72,2411.72,2532
7/11/2024 17:00,2411.755,2414.765,2410.11,2412.49,3108
7/11/2024 17:15,2412.52,2416.705,2412.295,2416.105,2704
7/11/2024 17:30,2416.11,2416.71,2412.815,2413.84,2226
7/11/2024 17:45,2413.835,2414.265,2412.27,2413.76,2163
7/11/2024 18:00,2413.735,2416.595,2413.42,2414.845,1543
7/11/2024 18:15,2414.85,2414.96,2412.925,2413.975,2037
7/11/2024 18:30,2413.955,2416.23,2413.955,2416.045,1650
7/11/2024 18:45,2416.035,2416.715,2415.835,2416.485,1211
7/11/2024 19:00,2416.49,2416.63,2415.715,2416.215,1562
7/11/2024 19:15,2416.195,2418.745,2416.085,2417.095,1321
7/11/2024 19:30,2417.105,2417.62,2415.655,2416.74,1735
7/11/2024 19:45,2416.82,2417.135,2414.065,2414.175,2088
7/11/2024 20:00,2414.21,2415.135,2413.49,2414,1217
7/11/2024 20:15,2413.94,2414.4,2413.175,2414.22,716
7/11/2024 20:30,2414.22,2414.7,2414.025,2414.3,445
7/11/2024 20:45,2414.34,2415.63,2413.445,2415.375,542
7/11/2024 22:00,2413.075,2413.235,2412.11,2412.925,221
7/11/2024 22:15,2412.92,2412.92,2411.24,2412.55,533
7/11/2024 22:30,2412.595,2413.79,2412.215,2412.91,434
7/11/2024 22:45,2412.87,2414.205,2412.71,2414.105,313
7/11/2024 23:00,2414.12,2414.12,2412.485,2412.875,515
7/11/2024 23:15,2412.84,2415.135,2412.73,2414.4,1140
7/11/2024 23:30,2414.395,2414.555,2412.085,2412.675,2191
7/11/2024 23:45,2412.66,2416.22,2412.385,2416.075,4274
7/12/2024 0:00,2416.07,2416.39,2411.3,2411.3,3520
7/12/2024 0:15,2411.295,2413.68,2411.295,2411.925,1851
7/12/2024 0:30,2411.9,2413.14,2411.865,2413.13,2299
7/12/2024 0:45,2413.12,2413.52,2411.04,2412.095,1973
7/12/2024 1:00,2411.95,2414.31,2411.19,2412.405,3075
7/12/2024 1:15,2412.4,2412.405,2408.32,2409.01,2726
7/12/2024 1:30,2408.92,2410.235,2407.435,2409.055,3068
7/12/2024 1:45,2409.075,2409.185,2407.135,2408.055,2190
7/12/2024 2:00,2408.155,2410.26,2407.31,2407.43,2024
7/12/2024 2:15,2407.455,2408.62,2406.745,2407.83,1295
7/12/2024 2:30,2407.775,2409.375,2407.01,2408.695,2594
7/12/2024 2:45,2408.745,2411.12,2408.715,2409.645,2377
7/12/2024 3:00,2409.49,2410.275,2408.69,2408.77,1326
7/12/2024 3:15,2408.765,2410.17,2408.64,2409.23,1847
7/12/2024 3:30,2409.175,2409.88,2408.965,2409.58,1041
7/12/2024 3:45,2409.545,2409.585,2408.61,2408.835,978
7/12/2024 4:00,2408.825,2409.395,2408.255,2409.395,1119
7/12/2024 4:15,2409.405,2410.015,2409.1,2409.375,900
7/12/2024 4:30,2409.37,2409.415,2408.385,2409.135,866
7/12/2024 4:45,2409.225,2409.96,2408.395,2408.675,1195
7/12/2024 5:00,2408.685,2409.465,2407.495,2407.76,1448
7/12/2024 5:15,2407.675,2408.555,2406.705,2408.33,1306
7/12/2024 5:30,2408.325,2408.75,2405.5,2408.345,3490
7/12/2024 5:45,2408.3,2410.185,2406.555,2408.115,2903
7/12/2024 6:00,2408.12,2408.345,2405.895,2405.91,2651
7/12/2024 6:15,2405.905,2407.535,2405.24,2405.36,2696
7/12/2024 6:30,2405.38,2405.38,2403.22,2404.95,2758
7/12/2024 6:45,2404.875,2405.075,2402.22,2404.215,2327
7/12/2024 7:00,2404.19,2405.635,2402.995,2403.005,2700
7/12/2024 7:15,2403.075,2404.045,2400.35,2401.21,2705
7/12/2024 7:30,2401.22,2405.1,2401.175,2404.205,2394
7/12/2024 7:45,2404.2,2405.04,2403.865,2404.25,2127
7/12/2024 8:00,2404.255,2406.495,2403.875,2404.695,2269
7/12/2024 8:15,2404.655,2407.23,2404.155,2406.19,2289
7/12/2024 8:30,2406.15,2408.275,2405.17,2406.655,2090
7/12/2024 8:45,2406.67,2407.825,2405.78,2407.515,1905
7/12/2024 9:00,2407.775,2408.29,2406.645,2407.79,2045
7/12/2024 9:15,2407.72,2408.35,2404.805,2405.315,1718
7/12/2024 9:30,2405.23,2405.335,2403.505,2403.91,1567
7/12/2024 9:45,2403.925,2405.28,2403.235,2405.035,1569
7/12/2024 10:00,2404.985,2405.55,2401.115,2402.045,1566
7/12/2024 10:15,2402.04,2402.6,2399.93,2401.135,1706
7/12/2024 10:30,2401.095,2403.07,2401.035,2401.215,1605
7/12/2024 10:45,2401.285,2401.43,2399.895,2400.25,1984
7/12/2024 11:00,2400.38,2401.98,2398.375,2401.925,1922
7/12/2024 11:15,2401.935,2402.795,2401.27,2401.935,1864
7/12/2024 11:30,2401.95,2402.17,2400.535,2401.24,1812
7/12/2024 11:45,2401.15,2402.43,2400.595,2401.84,1635
7/12/2024 12:00,2401.85,2404.03,2400.91,2403.125,3633
7/12/2024 12:15,2403.115,2404.41,2401.97,2403.765,4406
7/12/2024 12:30,2403.81,2403.81,2391.52,2392.51,9267
7/12/2024 12:45,2392.505,2399.795,2392.3,2397.98,6253
7/12/2024 13:00,2398.035,2404.525,2396.84,2404.135,6738
7/12/2024 13:15,2404.17,2405.725,2400.705,2401.44,5487
7/12/2024 13:30,2401.25,2405.605,2399.5,2402.465,6356
7/12/2024 13:45,2402.57,2404.865,2400.65,2403.66,5078
7/12/2024 14:00,2403.745,2410.975,2403.745,2409.22,6227
7/12/2024 14:15,2409.225,2410.635,2406.73,2408.275,6236
7/12/2024 14:30,2408.29,2409.67,2407.045,2408.5,4393
7/12/2024 14:45,2408.345,2409.49,2407.525,2409.015,4080
7/12/2024 15:00,2408.805,2413,2408.155,2411.885,3496
7/12/2024 15:15,2411.89,2413.785,2410.055,2411.015,3346
7/12/2024 15:30,2410.99,2412.075,2409.405,2410.31,2327
7/12/2024 15:45,2410.345,2411.925,2410.025,2411.8,2005
7/12/2024 16:00,2411.815,2414.615,2411.78,2413.415,2374
7/12/2024 16:15,2413.4,2415.46,2413.245,2415.245,1730
7/12/2024 16:30,2415.175,2416.975,2414.65,2416.785,1813
7/12/2024 16:45,2416.805,2416.97,2415.64,2415.945,1707
7/12/2024 17:00,2415.92,2416.77,2414.545,2416.2,1458
7/12/2024 17:15,2416.21,2417.22,2415.4,2415.41,1633
7/12/2024 17:30,2415.46,2417.18,2415.46,2416.585,1084
7/12/2024 17:45,2416.57,2418.31,2416.57,2417.915,1157
7/12/2024 18:00,2417.925,2418.065,2415.935,2416.2,1194
7/12/2024 18:15,2416.195,2416.35,2414.82,2415.315,1449
7/12/2024 18:30,2415.32,2415.495,2414.04,2414.275,815
7/12/2024 18:45,2414.28,2414.84,2413.94,2414.21,719
7/12/2024 19:00,2414.26,2414.575,2413.205,2414.32,1192
7/12/2024 19:15,2414.325,2414.82,2413.515,2413.73,817
7/12/2024 19:30,2413.72,2413.92,2412.845,2413.245,976
7/12/2024 19:45,2413.34,2413.425,2412.28,2412.915,1442
7/12/2024 20:00,2412.845,2412.845,2411.335,2411.945,628
7/12/2024 20:15,2411.95,2412.22,2411.72,2411.83,447
7/12/2024 20:30,2411.91,2412.185,2411.485,2411.885,531
7/12/2024 20:45,2411.835,2411.875,2410.9,2410.92,627
7/14/2024 22:00,2411.81,2412.29,2409.41,2411.655,759
7/14/2024 22:15,2411.585,2411.585,2408.69,2410.45,1209
7/14/2024 22:30,2410.44,2410.44,2407.25,2407.84,917
7/14/2024 22:45,2407.72,2407.9,2407,2407.695,723
7/14/2024 23:00,2407.685,2408.425,2406.765,2406.98,765
7/14/2024 23:15,2406.97,2407.31,2405.99,2406.895,406
7/14/2024 23:30,2406.975,2407.125,2405.73,2406.625,673
7/14/2024 23:45,2406.605,2408.81,2406.6,2408.75,730
7/15/2024 0:00,2408.8,2408.88,2407.085,2407.6,1074
7/15/2024 0:15,2407.64,2408.075,2406.33,2407.095,1144
7/15/2024 0:30,2407.1,2407.715,2406.39,2406.4,1414
7/15/2024 0:45,2406.395,2408.94,2406.365,2408.535,1906
7/15/2024 1:00,2408.54,2408.87,2404.99,2405.34,3486
7/15/2024 1:15,2405.355,2408.13,2405.185,2407.2,2554
7/15/2024 1:30,2407.21,2407.565,2406.025,2407.42,2561
7/15/2024 1:45,2407.425,2410.4,2406.855,2410.115,2576
7/15/2024 2:00,2410.135,2410.915,2408.215,2410.815,2344
7/15/2024 2:15,2410.82,2410.96,2408.925,2409.485,1157
7/15/2024 2:30,2409.455,2410.655,2408.83,2410.15,1825
7/15/2024 2:45,2410.125,2410.265,2408.85,2409.22,1465
7/15/2024 3:00,2409.235,2410.165,2408.685,2409.905,1643
7/15/2024 3:15,2409.915,2410.79,2409.655,2409.915,1121
7/15/2024 3:30,2409.92,2411.43,2409.825,2411.39,743
7/15/2024 3:45,2411.43,2412.045,2411.275,2411.655,679
7/15/2024 4:00,2411.75,2412.89,2411.675,2412.66,798
7/15/2024 4:15,2412.665,2413.43,2411.86,2411.93,783
7/15/2024 4:30,2411.925,2412.015,2410.735,2410.85,686
7/15/2024 4:45,2410.845,2411.87,2410.84,2411.555,440
7/15/2024 5:00,2411.54,2411.64,2410.685,2411.34,786
7/15/2024 5:15,2411.315,2414,2411.315,2413.78,929
7/15/2024 5:30,2413.79,2414.035,2409.79,2410.65,2648
7/15/2024 5:45,2410.635,2410.91,2408.075,2408.215,1603
7/15/2024 6:00,2408.2,2408.355,2406.04,2406.08,1798
7/15/2024 6:15,2406.12,2406.21,2403.96,2405.31,3313
7/15/2024 6:30,2405.29,2406.66,2402.68,2404.555,3144
7/15/2024 6:45,2404.555,2404.85,2402.05,2403.32,3024
7/15/2024 7:00,2403.325,2403.45,2401.405,2403.12,2797
7/15/2024 7:15,2403.11,2404.275,2402.015,2404.17,2725
7/15/2024 7:30,2404.145,2405.905,2403.21,2405.775,2612
7/15/2024 7:45,2405.785,2408.04,2405.745,2407.995,2411
7/15/2024 8:00,2407.99,2408.24,2407.105,2407.485,2186
7/15/2024 8:15,2407.49,2409.36,2407.015,2408.45,2002
7/15/2024 8:30,2408.41,2411.32,2408.105,2410.52,2036
7/15/2024 8:45,2410.525,2412.155,2410.35,2412.085,1820
7/15/2024 9:00,2412.145,2412.67,2410.59,2412.005,1931
7/15/2024 9:15,2412,2412.165,2409.21,2409.235,2057
7/15/2024 9:30,2409.22,2409.445,2407.785,2409.335,1805
7/15/2024 9:45,2409.345,2411.42,2408.96,2410.81,2203
7/15/2024 10:00,2410.8,2413.17,2410.79,2411.22,1938
7/15/2024 10:15,2411.26,2414.21,2411.18,2412.855,2233
7/15/2024 10:30,2412.895,2413.81,2411.3,2413.185,1923
7/15/2024 10:45,2413.26,2415.88,2412.89,2414.885,2022
7/15/2024 11:00,2414.85,2418.975,2414.645,2417.06,2729
7/15/2024 11:15,2417.055,2419.775,2416.585,2418.49,2413
7/15/2024 11:30,2418.505,2420.375,2417.935,2418.905,2628
7/15/2024 11:45,2418.9,2419.725,2417.385,2418.31,2703
7/15/2024 12:00,2418.33,2420.93,2418.185,2420.135,4167
7/15/2024 12:15,2420.065,2420.855,2416.02,2416.965,4671
7/15/2024 12:30,2416.91,2417.965,2413.875,2414.895,4420
7/15/2024 12:45,2414.93,2415.875,2413.585,2414.89,4307
7/15/2024 13:00,2414.85,2415.49,2411.57,2412.59,5668
7/15/2024 13:15,2412.62,2416.325,2412.515,2416.185,4793
7/15/2024 13:30,2416.2,2417.335,2411.905,2415.335,6458
7/15/2024 13:45,2415.415,2419.37,2414.24,2419.205,5623
7/15/2024 14:00,2418.655,2423.41,2418.215,2421.27,5377
7/15/2024 14:15,2421.285,2423.805,2419.365,2423.465,4670
7/15/2024 14:30,2423.475,2424.31,2421.445,2423.725,5157
7/15/2024 14:45,2423.815,2432.11,2423.72,2431.605,6291
7/15/2024 15:00,2431.585,2436.06,2431.57,2433.425,6258
7/15/2024 15:15,2433.28,2437.555,2431.47,2436.19,5641
7/15/2024 15:30,2436.155,2436.185,2432.96,2435.175,3286
7/15/2024 15:45,2435.18,2435.675,2432.73,2433.335,2242
7/15/2024 16:00,2433.31,2434.85,2431.84,2432.265,1840
7/15/2024 16:15,2432.3,2433.825,2430.92,2432.655,2078
7/15/2024 16:30,2432.745,2439.855,2431.84,2433.25,3081
7/15/2024 16:45,2433.255,2433.5,2429.655,2430.285,3788
7/15/2024 17:00,2430.335,2430.365,2424.905,2425.985,3784
7/15/2024 17:15,2426.03,2426.385,2422.745,2424.605,3621
7/15/2024 17:30,2424.425,2424.505,2420.525,2422.95,2625
7/15/2024 17:45,2422.935,2423.075,2421.385,2421.625,1517
7/15/2024 18:00,2421.58,2422.685,2419.84,2422.22,1924
7/15/2024 18:15,2422.24,2424.02,2421.445,2422.985,1273
7/15/2024 18:30,2422.93,2424.705,2422.12,2424.59,991
7/15/2024 18:45,2424.62,2424.915,2422.105,2422.475,1430
7/15/2024 19:00,2422.455,2422.555,2420.32,2421.935,1458
7/15/2024 19:15,2421.975,2423.315,2421.415,2421.8,1240
7/15/2024 19:30,2421.85,2423.345,2421.675,2422.785,1181
7/15/2024 19:45,2422.755,2423.025,2421.125,2421.155,1905
7/15/2024 20:00,2421.145,2422.295,2421.125,2422.23,524
7/15/2024 20:15,2422.045,2422.495,2421.4,2421.4,381
7/15/2024 20:30,2421.465,2421.665,2420.745,2421.38,330
7/15/2024 20:45,2421.41,2422.4,2421.23,2422.395,371
7/15/2024 22:00,2422.08,2422.1,2421.245,2421.255,126
7/15/2024 22:15,2421.265,2421.63,2421.13,2421.425,223
7/15/2024 22:30,2421.42,2421.48,2421.1,2421.1,159
7/15/2024 22:45,2421.03,2421.325,2421.015,2421.105,140
7/15/2024 23:00,2421.1,2421.515,2421.035,2421.21,224
7/15/2024 23:15,2421.205,2422.185,2421.19,2422,347
7/15/2024 23:30,2422.005,2422.16,2421.425,2422,377
7/15/2024 23:45,2421.99,2422.81,2421.38,2422.61,598
7/16/2024 0:00,2422.625,2422.705,2420.545,2422.31,1406
7/16/2024 0:15,2422.3,2422.88,2420.77,2421.22,1176
7/16/2024 0:30,2421.12,2421.955,2420.205,2420.335,1050
7/16/2024 0:45,2420.375,2421.895,2420.08,2421.32,1282
7/16/2024 1:00,2421.325,2425.345,2421.31,2424.825,3111
7/16/2024 1:15,2424.85,2425.89,2423.91,2424.84,2605
7/16/2024 1:30,2424.865,2427.095,2423.63,2425.235,2471
7/16/2024 1:45,2425.23,2427.805,2424.97,2427.31,2270
7/16/2024 2:00,2427.38,2428.37,2426.125,2426.45,2352
7/16/2024 2:15,2426.44,2429.12,2426.215,2429.115,1135
7/16/2024 2:30,2429.105,2429.205,2426.795,2427.425,2136
7/16/2024 2:45,2427.46,2430.34,2427.435,2430.23,1908
7/16/2024 3:00,2430.22,2431.555,2429.375,2429.73,1914
7/16/2024 3:15,2429.74,2429.88,2426.78,2427.08,2149
7/16/2024 3:30,2427.03,2428.04,2426.705,2427.91,745
7/16/2024 3:45,2427.93,2428.855,2427.925,2428.72,624
7/16/2024 4:00,2428.715,2428.715,2426.4,2427.21,954
7/16/2024 4:15,2427.22,2427.42,2425.205,2425.335,1242
7/16/2024 4:30,2425.31,2428.515,2425.22,2428.325,984
7/16/2024 4:45,2428.345,2429.57,2427.445,2429.32,1446
7/16/2024 5:00,2429.24,2430.245,2428.215,2429.6,1442
7/16/2024 5:15,2429.595,2431.48,2429.395,2430.03,1606
7/16/2024 5:30,2430.04,2432.87,2430.005,2431.5,2417
7/16/2024 5:45,2431.535,2432.05,2429.77,2432.01,2249
7/16/2024 6:00,2431.96,2431.96,2428.2,2429.745,2770
7/16/2024 6:15,2429.66,2432.105,2429.345,2431.59,2191
7/16/2024 6:30,2431.605,2433.69,2430.19,2432.515,2493
7/16/2024 6:45,2432.505,2433.905,2431.725,2433.895,2295
7/16/2024 7:00,2433.94,2435.695,2432.675,2434.315,2565
7/16/2024 7:15,2434.325,2437.105,2434.325,2435.305,2169
7/16/2024 7:30,2435.315,2437.795,2435.315,2437.135,2551
7/16/2024 7:45,2437.145,2439.37,2436.51,2437.06,2914
7/16/2024 8:00,2437.095,2437.635,2433.675,2435.255,2667
7/16/2024 8:15,2435.31,2437.09,2435.08,2436.99,2175
7/16/2024 8:30,2437,2438.605,2434.79,2435.49,2226
7/16/2024 8:45,2435.5,2436.67,2433.96,2436.67,2488
7/16/2024 9:00,2436.685,2438.795,2435.195,2438.395,2165
7/16/2024 9:15,2438.4,2441.195,2438.34,2439.195,2423
7/16/2024 9:30,2439.2,2442.995,2438.61,2442.8,2597
7/16/2024 9:45,2442.885,2443.415,2442.06,2442.545,2081
7/16/2024 10:00,2442.57,2443.405,2441.49,2442.395,2092
7/16/2024 10:15,2442.38,2443.12,2440.095,2440.335,1901
7/16/2024 10:30,2440.34,2441.47,2439.83,2440,1883
7/16/2024 10:45,2439.975,2441.97,2439.795,2440.195,2020
7/16/2024 11:00,2440.275,2442.145,2438.765,2438.775,2133
7/16/2024 11:15,2438.79,2442.525,2438.665,2441.275,2113
7/16/2024 11:30,2441.27,2441.94,2439.315,2439.67,2286
7/16/2024 11:45,2439.725,2440.35,2438.24,2439.615,2403
7/16/2024 12:00,2439.61,2441.575,2439.47,2441.085,2571
7/16/2024 12:15,2441.085,2444.085,2440.445,2443.735,3296
7/16/2024 12:30,2443.36,2443.36,2431.98,2434.56,8448
7/16/2024 12:45,2434.465,2435.235,2429.445,2432.69,6134
7/16/2024 13:00,2432.588,2437.805,2431.055,2435.185,5678
7/16/2024 13:15,2435.17,2438.275,2434.675,2438.18,4741
7/16/2024 13:30,2438.235,2446.855,2436.63,2445.97,6687
7/16/2024 13:45,2446.24,2448.045,2441.075,2442.8,5832
7/16/2024 14:00,2442.805,2445.395,2440.62,2442.995,5077
7/16/2024 14:15,2443.11,2447.32,2442.69,2447.22,4277
7/16/2024 14:30,2447.215,2449.54,2446.435,2447.79,4789
7/16/2024 14:45,2447.785,2454.105,2446.03,2452.13,4552
7/16/2024 15:00,2452.175,2457.77,2452.01,2456.4,6172
7/16/2024 15:15,2456.42,2462.575,2455.745,2460.075,4796
7/16/2024 15:30,2460.06,2464.66,2459.6,2464.045,3674
7/16/2024 15:45,2464.065,2465.34,2461.335,2463.23,3210
7/16/2024 16:00,2463.315,2463.56,2457.93,2460.41,3873
7/16/2024 16:15,2460.29,2463.32,2459.045,2462.815,3176
7/16/2024 16:30,2462.82,2463.785,2458.5,2458.88,2265
7/16/2024 16:45,2458.9,2460.25,2458.175,2459.2,2192
7/16/2024 17:00,2459.2,2461.5,2458.99,2460.12,2683
7/16/2024 17:15,2460.23,2463.765,2458.76,2462.72,2194
7/16/2024 17:30,2462.655,2464.215,2462.34,2463.935,1866
7/16/2024 17:45,2463.945,2466.41,2463.34,2464.72,2314
7/16/2024 18:00,2464.76,2466.66,2463.815,2465.945,1859
7/16/2024 18:15,2465.915,2466.095,2463.17,2463.33,1613
7/16/2024 18:30,2463.335,2465.635,2462.515,2465.58,1613
7/16/2024 18:45,2465.385,2465.98,2464.61,2465.435,1438
7/16/2024 19:00,2465.425,2466.3,2464.585,2465.88,1454
7/16/2024 19:15,2465.85,2465.975,2463.25,2465.37,1502
7/16/2024 19:30,2465.345,2467.28,2464.865,2466.88,1190
7/16/2024 19:45,2466.855,2468.785,2466.165,2468.7,1783
7/16/2024 20:00,2468.645,2469.765,2467.945,2468.62,850
7/16/2024 20:15,2468.48,2468.48,2466.93,2467.695,415
7/16/2024 20:30,2467.75,2468.94,2467.325,2468.925,456
7/16/2024 20:45,2468.845,2469.24,2468.4,2468.93,431
7/16/2024 22:00,2467.82,2467.87,2466.755,2467.475,265
7/16/2024 22:15,2467.485,2467.69,2466.57,2467.595,361
7/16/2024 22:30,2467.63,2470.075,2466.355,2469.295,974
7/16/2024 22:45,2469.21,2469.28,2468.395,2469.035,517
7/16/2024 23:00,2469.085,2469.865,2469,2469.77,284
7/16/2024 23:15,2469.75,2469.75,2468.055,2468.22,419
7/16/2024 23:30,2468.17,2469.065,2467.845,2468.235,623
7/16/2024 23:45,2468.185,2469.245,2467.55,2468.415,1218
7/17/2024 0:00,2468.365,2468.5,2466.4,2466.845,1762
7/17/2024 0:15,2466.765,2467.945,2466.305,2467.695,1703
7/17/2024 0:30,2467.705,2473.36,2467.705,2472.735,2046
7/17/2024 0:45,2472.59,2472.74,2468.655,2468.8,2132
7/17/2024 1:00,2468.81,2476.12,2468.595,2472.69,5251
7/17/2024 1:15,2472.675,2477.695,2472.675,2474.74,3938
7/17/2024 1:30,2474.715,2479.02,2474.55,2477.79,3855
7/17/2024 1:45,2477.715,2481.325,2476.71,2479.545,3463
7/17/2024 2:00,2479.555,2482.42,2479.46,2481.625,2527
7/17/2024 2:15,2481.62,2481.905,2477.79,2479.175,2068
7/17/2024 2:30,2479.18,2479.645,2469.705,2472.88,3989
7/17/2024 2:45,2472.875,2475.56,2471.77,2474.65,3179
7/17/2024 3:00,2474.645,2474.645,2470.995,2471.085,2876
7/17/2024 3:15,2471,2471.225,2465.14,2465.26,3994
7/17/2024 3:30,2465.285,2472.365,2464.05,2471.615,2385
7/17/2024 3:45,2471.685,2472.8,2471.125,2471.79,1212
7/17/2024 4:00,2471.835,2472.79,2470.845,2471.415,987
7/17/2024 4:15,2471.44,2472.47,2469.83,2469.93,1082
7/17/2024 4:30,2469.855,2472.545,2469.7,2470.205,2044
7/17/2024 4:45,2470.195,2470.43,2467.705,2467.81,1447
7/17/2024 5:00,2467.805,2468.71,2465.88,2468.18,1432
7/17/2024 5:15,2468.19,2471.045,2468.095,2470.51,1191
7/17/2024 5:30,2470.505,2470.61,2466.33,2468.035,2758
7/17/2024 5:45,2468.045,2468.405,2465.47,2465.47,3007
7/17/2024 6:00,2465.455,2467.33,2464,2465.135,3963
7/17/2024 6:15,2465.13,2465.935,2461.88,2463.72,3867
7/17/2024 6:30,2463.725,2467.625,2463.135,2467.15,3139
7/17/2024 6:45,2467.145,2467.44,2464.995,2466.49,3121
7/17/2024 7:00,2466.505,2467.255,2464.255,2467.19,3339
7/17/2024 7:15,2467.195,2468.075,2464.905,2465.67,3326
7/17/2024 7:30,2465.635,2471.355,2465.545,2471.08,3676
7/17/2024 7:45,2471.07,2474.455,2470.84,2474.245,3398
7/17/2024 8:00,2474.26,2477.335,2474.165,2477.32,3900
7/17/2024 8:15,2477.35,2478.945,2473.96,2476.08,3340
7/17/2024 8:30,2476.105,2476.73,2471.6,2473.77,3764
7/17/2024 8:45,2473.67,2476.89,2472.92,2475.045,2798
7/17/2024 9:00,2475.075,2475.2,2471.71,2472.155,3159
7/17/2024 9:15,2472.13,2473.01,2470.585,2471.465,2790
7/17/2024 9:30,2471.41,2473.155,2469.88,2472.365,2844
7/17/2024 9:45,2472.415,2475.495,2472.07,2475.17,2374
7/17/2024 10:00,2475.12,2475.385,2472.62,2473.98,2407
7/17/2024 10:15,2473.97,2476.415,2472.98,2475.4,2558
7/17/2024 10:30,2475.365,2475.365,2468.37,2468.625,2618
7/17/2024 10:45,2468.57,2469.535,2466.76,2467.975,2637
7/17/2024 11:00,2467.905,2470.735,2467.4,2468.2,2923
7/17/2024 11:15,2468.195,2470.515,2467.635,2469.35,2943
7/17/2024 11:30,2469.315,2472.695,2469.235,2472.39,2917
7/17/2024 11:45,2472.4,2473.41,2469.985,2470.11,2869
7/17/2024 12:00,2470.1,2472.35,2468.79,2472.215,3655
7/17/2024 12:15,2472.165,2475.46,2471.87,2474.995,3181
7/17/2024 12:30,2475.045,2475.125,2471.735,2474.415,4512
7/17/2024 12:45,2474.47,2474.58,2472.445,2473.46,3851
7/17/2024 13:00,2473.465,2479.45,2472.905,2476.02,4995
7/17/2024 13:15,2475.93,2476.795,2473.01,2474.04,4507
7/17/2024 13:30,2474.04,2480.615,2471.34,2477.015,7607
7/17/2024 13:45,2477.025,2483.505,2475.48,2482.995,6443
7/17/2024 14:00,2482.95,2483.74,2464.095,2467.665,8684
7/17/2024 14:15,2467.62,2472.04,2463.945,2469.68,7055
7/17/2024 14:30,2469.72,2472.305,2467,2471.3,5928
7/17/2024 14:45,2471.24,2472.775,2461.135,2463.75,5684
7/17/2024 15:00,2463.715,2465.49,2458.08,2459.92,6172
7/17/2024 15:15,2459.915,2466.015,2458.875,2464.9,5711
7/17/2024 15:30,2464.885,2466.045,2461.995,2464.125,3630
7/17/2024 15:45,2464.12,2464.74,2460.33,2463.595,3235
7/17/2024 16:00,2463.655,2465.12,2459.735,2460.17,2153
7/17/2024 16:15,2460.2,2460.445,2452.93,2453.43,3620
7/17/2024 16:30,2453.39,2457.755,2453.115,2456.36,3778
7/17/2024 16:45,2456.365,2458.595,2455.395,2455.675,2569
7/17/2024 17:00,2455.67,2457.965,2454.525,2457.54,2931
7/17/2024 17:15,2457.535,2459.385,2455.47,2455.61,2621
7/17/2024 17:30,2455.615,2456.87,2453.78,2454.11,2587
7/17/2024 17:45,2454.105,2455.53,2451.95,2452.655,2101
7/17/2024 18:00,2452.555,2456.065,2451.57,2455.44,2177
7/17/2024 18:15,2455.445,2456.765,2455.13,2456.53,2181
7/17/2024 18:30,2456.47,2458.175,2456.245,2456.835,1008
7/17/2024 18:45,2456.925,2458.245,2456.875,2458.07,814
7/17/2024 19:00,2458.065,2460.47,2458.06,2459.585,1935
7/17/2024 19:15,2459.57,2459.975,2457.14,2457.825,1562
7/17/2024 19:30,2457.82,2457.96,2457.15,2457.7,1904
7/17/2024 19:45,2457.745,2459.81,2457.095,2458.075,1773
7/17/2024 20:00,2458.17,2458.17,2457.35,2457.605,550
7/17/2024 20:15,2457.61,2457.815,2457.3,2457.695,918
7/17/2024 20:30,2457.685,2458.45,2457.5,2458.195,444
7/17/2024 20:45,2458.115,2459.525,2458.115,2458.81,564
7/17/2024 22:00,2458.755,2459.315,2458.285,2459.19,325
7/17/2024 22:15,2459.185,2459.56,2458.665,2458.845,324
7/17/2024 22:30,2458.825,2459.35,2458.545,2458.675,465
7/17/2024 22:45,2458.61,2459.36,2458.07,2459.31,575
7/17/2024 23:00,2459.21,2461.305,2459.21,2460.9,864
7/17/2024 23:15,2460.89,2461.54,2460.59,2460.725,804
7/17/2024 23:30,2460.65,2461.955,2459.995,2461.505,788
7/17/2024 23:45,2461.565,2461.93,2460.725,2461.42,1577
7/18/2024 0:00,2461.455,2461.595,2457.915,2458.55,1534
7/18/2024 0:15,2458.535,2459.465,2457.77,2459.095,1459
7/18/2024 0:30,2459.105,2459.865,2457.46,2459.505,2257
7/18/2024 0:45,2459.51,2460.38,2458.285,2458.9,1569
7/18/2024 1:00,2458.895,2462.935,2457.69,2462.72,3242
7/18/2024 1:15,2462.535,2464.21,2462.09,2463,2760
7/18/2024 1:30,2463.005,2463.635,2459.46,2461.11,2902
7/18/2024 1:45,2461.18,2463.315,2461.095,2462.485,3109
7/18/2024 2:00,2462.47,2462.84,2460.9,2461.645,2252
7/18/2024 2:15,2461.685,2461.985,2460.385,2460.9,1534
7/18/2024 2:30,2460.925,2465.02,2460.465,2463.905,2166
7/18/2024 2:45,2463.915,2466.07,2463.25,2465.635,1848
7/18/2024 3:00,2465.625,2468.46,2465.265,2467.68,2457
7/18/2024 3:15,2467.74,2468.42,2465.57,2467.38,2343
7/18/2024 3:30,2467.43,2468.99,2467.265,2468.57,1446
7/18/2024 3:45,2468.5,2468.54,2466.555,2468.11,1779
7/18/2024 4:00,2468.1,2468.275,2465.96,2466.61,1552
7/18/2024 4:15,2466.555,2468.17,2466.41,2466.79,1719
7/18/2024 4:30,2466.81,2467.77,2466.635,2467.585,1158
7/18/2024 4:45,2467.575,2467.815,2465.06,2465.33,1572
7/18/2024 5:00,2465.38,2468.985,2465,2468.97,1911
7/18/2024 5:15,2468.905,2469.98,2467.96,2469.08,1726
7/18/2024 5:30,2469.115,2469.72,2467.28,2468.4,2945
7/18/2024 5:45,2468.315,2469.335,2466.045,2467.025,2551
7/18/2024 6:00,2467.07,2467.275,2464.675,2466.43,2390
7/18/2024 6:15,2466.44,2469.41,2465.07,2469.235,2482
7/18/2024 6:30,2469.21,2472.22,2468.92,2470.53,3922
7/18/2024 6:45,2470.525,2471.545,2469.505,2471.545,2983
7/18/2024 7:00,2471.665,2475,2470.86,2473.33,3404
7/18/2024 7:15,2473.335,2473.71,2471.725,2472.375,2607
7/18/2024 7:30,2472.405,2473.56,2471,2472.565,2455
7/18/2024 7:45,2472.545,2473.165,2471.24,2471.975,2104
7/18/2024 8:00,2472.045,2473.425,2471.64,2472.555,2188
7/18/2024 8:15,2472.545,2473.76,2469.885,2470.06,2639
7/18/2024 8:30,2470.065,2470.075,2467.455,2468.445,2784
7/18/2024 8:45,2468.455,2468.655,2465.635,2466.06,2680
7/18/2024 9:00,2466.065,2467.14,2465.675,2466.505,2160
7/18/2024 9:15,2466.51,2467.21,2464.75,2466.39,1994
7/18/2024 9:30,2466.305,2467.76,2465.755,2465.84,2108
7/18/2024 9:45,2465.875,2466.995,2465.335,2465.705,1646
7/18/2024 10:00,2465.7,2465.7,2463.05,2463.605,2592
7/18/2024 10:15,2463.61,2463.83,2461.565,2462.455,1855
7/18/2024 10:30,2462.47,2465.31,2462.385,2464.815,2115
7/18/2024 10:45,2464.765,2466.42,2464.015,2464.235,2181
7/18/2024 11:00,2464.22,2464.72,2463.525,2463.855,1812
7/18/2024 11:15,2463.925,2464.595,2462.165,2463.595,1974
7/18/2024 11:30,2463.58,2466.375,2463.515,2465.635,1820
7/18/2024 11:45,2465.72,2466.255,2464.25,2464.545,1782
7/18/2024 12:00,2464.555,2466.69,2463.815,2466.175,2270
7/18/2024 12:15,2466.13,2467.8,2464.885,2465.935,2707
7/18/2024 12:30,2466.96,2468.94,2463.685,2463.825,5407
7/18/2024 12:45,2463.78,2465.165,2462.67,2464.04,4664
7/18/2024 13:00,2464.1,2466.31,2460.345,2461.49,5428
7/18/2024 13:15,2461.515,2464.135,2460.365,2463.04,5177
7/18/2024 13:30,2462.85,2464.165,2457.655,2459.945,5776
7/18/2024 13:45,2460.025,2465.58,2459.705,2465.145,5449
7/18/2024 14:00,2465.14,2466.6,2462.885,2463.395,5020
7/18/2024 14:15,2463.345,2465.355,2461.815,2463.28,3947
7/18/2024 14:30,2463.42,2467.585,2460.195,2466.935,5897
7/18/2024 14:45,2466.78,2469.925,2464.915,2468.48,5634
7/18/2024 15:00,2468.53,2469.14,2465.935,2466.515,4153
7/18/2024 15:15,2466.51,2467.04,2465.145,2465.415,4357
7/18/2024 15:30,2465.38,2466.885,2463.895,2464.175,3266
7/18/2024 15:45,2464.19,2464.58,2461.27,2461.325,2844
7/18/2024 16:00,2461.385,2461.58,2456.285,2460.785,3687
7/18/2024 16:15,2460.845,2462.125,2460.48,2461.235,1940
7/18/2024 16:30,2461.25,2461.25,2455.915,2456.18,2120
7/18/2024 16:45,2456.215,2458.37,2455.95,2456.265,1596
7/18/2024 17:00,2456.19,2456.285,2452.98,2454.825,2222
7/18/2024 17:15,2454.915,2455.96,2451.82,2453.75,2550
7/18/2024 17:30,2453.785,2456.58,2452.56,2455.955,1943
7/18/2024 17:45,2455.965,2457.625,2455.525,2456.34,1409
7/18/2024 18:00,2456.4,2456.57,2452.22,2452.985,1531
7/18/2024 18:15,2453.08,2453.8,2451.885,2452.46,1624
7/18/2024 18:30,2452.465,2452.985,2451.055,2451.3,1561
7/18/2024 18:45,2451.285,2452.1,2450.89,2451.545,1863
7/18/2024 19:00,2451.535,2451.85,2442.19,2443.035,2650
7/18/2024 19:15,2443.03,2443.905,2440.925,2442.72,2391
7/18/2024 19:30,2442.695,2443.8,2440.415,2441.335,1955
7/18/2024 19:45,2441.345,2444.445,2440.57,2443.035,2207
7/18/2024 20:00,2443.045,2443.27,2441.395,2443.165,847
7/18/2024 20:15,2443.015,2445.54,2442.655,2444.62,866
7/18/2024 20:30,2444.615,2445.125,2444.035,2444.55,469
7/18/2024 20:45,2444.62,2445.565,2444.62,2445.31,493
7/18/2024 22:00,2444.495,2445.34,2443.79,2444.93,173
7/18/2024 22:15,2444.89,2444.995,2444.3,2444.73,444
7/18/2024 22:30,2444.735,2444.815,2444.195,2444.55,417
7/18/2024 22:45,2444.53,2444.655,2444.13,2444.445,369
7/18/2024 23:00,2444.365,2444.685,2444.005,2444.38,340
7/18/2024 23:15,2444.37,2445.28,2444.205,2445.16,259
7/18/2024 23:30,2445.08,2445.135,2444.275,2444.49,355
7/18/2024 23:45,2444.505,2444.52,2441.32,2441.32,1209
7/19/2024 0:00,2441.38,2441.385,2429.48,2431.2,3896
7/19/2024 0:15,2431.145,2432.235,2426.315,2432.22,2772
7/19/2024 0:30,2431.915,2434.465,2431.835,2434.205,1824
7/19/2024 0:45,2434.22,2434.94,2431.505,2434.45,2129
7/19/2024 1:00,2434.295,2434.68,2424.195,2426.215,5276
7/19/2024 1:15,2426.235,2427.825,2420.58,2421.97,4321
7/19/2024 1:30,2421.995,2428.07,2421.695,2425.96,3982
7/19/2024 1:45,2425.8,2427.59,2424.565,2426.195,3029
7/19/2024 2:00,2426.19,2428.54,2425.815,2426.52,2646
7/19/2024 2:15,2426.54,2427.065,2422.655,2423.815,2747
7/19/2024 2:30,2423.82,2425.675,2423.175,2423.515,2339
7/19/2024 2:45,2423.535,2428.695,2423.04,2428.38,2507
7/19/2024 3:00,2428.39,2429.47,2425.09,2425.325,2477
7/19/2024 3:15,2425.42,2427.425,2425.03,2426.85,2288
7/19/2024 3:30,2426.84,2429.28,2426.27,2429.065,1778
7/19/2024 3:45,2429.09,2429.57,2428.445,2428.785,1162
7/19/2024 4:00,2428.77,2429.33,2427.565,2428.09,1148
7/19/2024 4:15,2428.085,2428.105,2424.635,2426.265,1157
7/19/2024 4:30,2426.27,2426.69,2424.71,2426.16,1357
7/19/2024 4:45,2426.17,2426.265,2424.09,2425.52,1009
7/19/2024 5:00,2425.535,2425.86,2422.6,2425.495,2134
7/19/2024 5:15,2425.5,2426.14,2423.44,2426.07,1956
7/19/2024 5:30,2426.095,2426.11,2422.045,2423.745,3290
7/19/2024 5:45,2423.75,2424.835,2421.19,2423.405,2135
7/19/2024 6:00,2423.385,2424.12,2414.58,2416.51,3663
7/19/2024 6:15,2416.5,2418.795,2414.365,2417.81,3691
7/19/2024 6:30,2417.815,2420.74,2416.82,2417.945,3327
7/19/2024 6:45,2418.135,2422.485,2416.8,2420.015,3608
7/19/2024 7:00,2420.095,2422.245,2417.935,2418.295,3637
7/19/2024 7:15,2418.3,2418.52,2415.48,2417.565,2431
7/19/2024 7:30,2417.545,2418.655,2413.005,2415.655,3127
7/19/2024 7:45,2415.65,2418.385,2415.52,2418.26,2655
7/19/2024 8:00,2418.28,2421.56,2416.39,2420.245,3684
7/19/2024 8:15,2420.23,2421.005,2416.885,2420.59,2849
7/19/2024 8:30,2420.59,2421.66,2418.58,2418.585,2521
7/19/2024 8:45,2418.645,2421.7,2418.645,2420.485,2308
7/19/2024 9:00,2420.49,2421.145,2418.155,2418.665,2531
7/19/2024 9:15,2418.67,2419.995,2415.965,2416.665,2277
7/19/2024 9:30,2416.675,2417.025,2414.885,2415.625,2124
7/19/2024 9:45,2415.715,2416.885,2415.215,2416.2,2681
7/19/2024 10:00,2416.175,2416.4,2410.705,2411.97,2874
7/19/2024 10:15,2411.95,2414.22,2411.175,2414.145,2678
7/19/2024 10:30,2414.175,2415.49,2412.265,2412.64,2229
7/19/2024 10:45,2412.635,2413.315,2411.335,2412.555,2301
7/19/2024 11:00,2412.56,2413.205,2410.51,2412.475,2375
7/19/2024 11:15,2412.51,2414.38,2410.505,2413.955,2413
7/19/2024 11:30,2413.95,2414.425,2412.36,2412.935,2211
7/19/2024 11:45,2412.905,2412.93,2408.52,2410.08,2941
7/19/2024 12:00,2410.09,2410.265,2405.525,2407.765,4164
7/19/2024 12:15,2407.845,2409.65,2406.965,2407.685,3897
7/19/2024 12:30,2407.58,2408.075,2403.14,2403.28,4473
7/19/2024 12:45,2403.275,2406.125,2401.62,2403.785,4700
7/19/2024 13:00,2403.795,2404.37,2396.52,2396.94,6258
7/19/2024 13:15,2396.95,2398.385,2393.88,2396.22,5593
7/19/2024 13:30,2396.22,2406.715,2394.605,2403.745,7626
7/19/2024 13:45,2403.81,2405.455,2401.37,2403.965,5870
7/19/2024 14:00,2403.81,2404.835,2398.955,2401.795,5411
7/19/2024 14:15,2401.91,2402.985,2399.59,2401.375,4732
7/19/2024 14:30,2401.37,2403.495,2400.42,2401.195,4714
7/19/2024 14:45,2401.2,2401.715,2396.13,2398.075,3803
7/19/2024 15:00,2398.015,2408.49,2397.855,2407.215,4584
7/19/2024 15:15,2407.145,2407.625,2403.685,2404.34,4210
7/19/2024 15:30,2404.345,2406.425,2402.75,2404.7,2350
7/19/2024 15:45,2404.69,2406.47,2404.025,2405.46,2804
7/19/2024 16:00,2405.425,2406.03,2402.835,2404.515,1376
7/19/2024 16:15,2404.32,2404.895,2401.435,2402.23,2736
7/19/2024 16:30,2402.235,2403.525,2401.225,2401.655,2900
7/19/2024 16:45,2401.65,2402.71,2399.465,2399.68,1842
7/19/2024 17:00,2399.745,2400.41,2398.43,2398.765,2069
7/19/2024 17:15,2398.875,2400.84,2396.96,2397.36,2019
7/19/2024 17:30,2397.46,2400.13,2395.69,2399.13,2129
7/19/2024 17:45,2399.135,2400.89,2398.51,2399.235,1559
7/19/2024 18:00,2399.24,2400.375,2398.15,2398.26,1625
7/19/2024 18:15,2398.265,2398.955,2397.455,2398.835,1086
7/19/2024 18:30,2398.845,2398.93,2397.25,2397.56,1710
7/19/2024 18:45,2397.475,2398.93,2397.455,2398.685,1197
7/19/2024 19:00,2398.695,2399.375,2397.78,2398.915,1535
7/19/2024 19:15,2398.94,2399.485,2397.965,2398.37,674
7/19/2024 19:30,2398.49,2399.845,2397.2,2399.82,1022
7/19/2024 19:45,2399.795,2400.18,2397.98,2398.84,1572
7/19/2024 20:00,2398.88,2399.25,2397.795,2399.005,698
7/19/2024 20:15,2398.955,2400.005,2398.93,2399.91,374
7/19/2024 20:30,2399.995,2400,2398.505,2398.845,355
7/19/2024 20:45,2398.72,2400.84,2398.11,2400.82,706
7/21/2024 22:00,2403.82,2405.405,2402.61,2405.34,339
7/21/2024 22:15,2405.24,2411.375,2405.02,2410.55,820
7/21/2024 22:30,2410.455,2411.415,2409.04,2411.085,853
7/21/2024 22:45,2411.09,2411.725,2410.555,2411.38,581
7/21/2024 23:00,2411.23,2411.75,2409.325,2410.91,1337
7/21/2024 23:15,2410.915,2411.555,2409.72,2410.945,1182
7/21/2024 23:30,2410.94,2411.8,2409.835,2410.455,1220
7/21/2024 23:45,2410.425,2412.025,2410.255,2411.59,1639
7/22/2024 0:00,2411.6,2411.705,2408.595,2409.46,2668
7/22/2024 0:15,2409.465,2409.465,2406.965,2408.925,1862
7/22/2024 0:30,2408.93,2409.89,2408.6,2409.19,1384
7/22/2024 0:45,2409.09,2409.485,2407.415,2407.935,1264
7/22/2024 1:00,2407.875,2409.44,2405.79,2408.09,4126
7/22/2024 1:15,2408.1,2411.795,2407.99,2410.555,3445
7/22/2024 1:30,2410.62,2412.255,2408.86,2410,3170
7/22/2024 1:45,2409.95,2410.015,2406.45,2406.455,3437
7/22/2024 2:00,2406.365,2407.065,2404.43,2406.595,3142
7/22/2024 2:15,2406.6,2406.74,2403.36,2405.465,1923
7/22/2024 2:30,2405.46,2407.155,2404.675,2405.42,2990
7/22/2024 2:45,2405.44,2408.27,2405.33,2406.59,2468
7/22/2024 3:00,2406.585,2408.585,2406.41,2407.845,2608
7/22/2024 3:15,2407.8,2409.43,2407.415,2409.085,1922
7/22/2024 3:30,2409.08,2409.575,2406.75,2406.99,1163
7/22/2024 3:45,2406.985,2407.31,2405.975,2406.805,579
7/22/2024 4:00,2406.88,2407.19,2404.695,2405.56,1008
7/22/2024 4:15,2405.6,2406.07,2404.87,2404.885,995
7/22/2024 4:30,2404.975,2405.375,2403.72,2405.13,653
